"word","confidence","library","target","overlap_terms","source_file"
"styler","direct-wordnet-synonym-review","compliance-business-type-synonym","salon","hairdresser hairstylist","market-validation-api/src/domain/market-research/fetchers/complianceOs.ts"
"stylist","direct-wordnet-synonym-review","compliance-business-type-synonym","salon","hairdresser hairstylist","market-validation-api/src/domain/market-research/fetchers/complianceOs.ts"
"deduction","direct-wordnet-synonym-review","market-regex-budget_price_pattern","BUDGET_PRICE_PATTERN","price discount","market-validation-api/src/domain/market-research/scoring.ts"
"overhead","direct-wordnet-synonym-review","market-regex-budget_price_pattern","BUDGET_PRICE_PATTERN","cost","market-validation-api/src/domain/market-research/scoring.ts"
"price","direct-wordnet-synonym-review","market-regex-budget_price_pattern","BUDGET_PRICE_PATTERN","price cost value","market-validation-api/src/domain/market-research/scoring.ts"
"tawdry","direct-wordnet-synonym-review","market-regex-budget_price_pattern","BUDGET_PRICE_PATTERN","cheap","market-validation-api/src/domain/market-research/scoring.ts"
"price","direct-wordnet-synonym-review","market-regex-budget_target_pattern","BUDGET_TARGET_PATTERN","value cost","market-validation-api/src/domain/market-research/scoring.ts"
"babe","direct-wordnet-synonym-review","market-regex-children_focus_pattern","CHILDREN_FOCUS_PATTERN","infant","market-validation-api/src/domain/market-research/scoring.ts"
"baby","direct-wordnet-synonym-review","market-regex-children_focus_pattern","CHILDREN_FOCUS_PATTERN","infant","market-validation-api/src/domain/market-research/scoring.ts"
"bambino","direct-wordnet-synonym-review","market-regex-children_focus_pattern","CHILDREN_FOCUS_PATTERN","toddler","market-validation-api/src/domain/market-research/scoring.ts"
"civilise","direct-wordnet-synonym-review","market-regex-children_focus_pattern","CHILDREN_FOCUS_PATTERN","school","market-validation-api/src/domain/market-research/scoring.ts"
"civilize","direct-wordnet-synonym-review","market-regex-children_focus_pattern","CHILDREN_FOCUS_PATTERN","school","market-validation-api/src/domain/market-research/scoring.ts"
"foundling","direct-wordnet-synonym-review","market-regex-children_focus_pattern","CHILDREN_FOCUS_PATTERN","infant","market-validation-api/src/domain/market-research/scoring.ts"
"philosophy","direct-wordnet-synonym-review","market-regex-children_focus_pattern","CHILDREN_FOCUS_PATTERN","school","market-validation-api/src/domain/market-research/scoring.ts"
"picnic","direct-wordnet-synonym-review","market-regex-children_focus_pattern","CHILDREN_FOCUS_PATTERN","day","market-validation-api/src/domain/market-research/scoring.ts"
"pupil","direct-wordnet-synonym-review","market-regex-children_focus_pattern","CHILDREN_FOCUS_PATTERN","school","market-validation-api/src/domain/market-research/scoring.ts"
"schoolchild","direct-wordnet-synonym-review","market-regex-children_focus_pattern","CHILDREN_FOCUS_PATTERN","school","market-validation-api/src/domain/market-research/scoring.ts"
"schooltime","direct-wordnet-synonym-review","market-regex-children_focus_pattern","CHILDREN_FOCUS_PATTERN","day school","market-validation-api/src/domain/market-research/scoring.ts"
"tot","direct-wordnet-synonym-review","market-regex-children_focus_pattern","CHILDREN_FOCUS_PATTERN","toddler","market-validation-api/src/domain/market-research/scoring.ts"
"yearling","direct-wordnet-synonym-review","market-regex-children_focus_pattern","CHILDREN_FOCUS_PATTERN","toddler","market-validation-api/src/domain/market-research/scoring.ts"
"roach","direct-wordnet-synonym-review","market-regex-fda_relevant_pattern","FDA_RELEVANT_PATTERN","drug","market-validation-api/src/domain/market-research/fetchers/expansionSignals.ts"
"lavishness","direct-wordnet-synonym-review","market-regex-high_income_target_pattern","HIGH_INCOME_TARGET_PATTERN","luxury","market-validation-api/src/domain/market-research/scoring.ts"
"moneyed","direct-wordnet-synonym-review","market-regex-high_income_target_pattern","HIGH_INCOME_TARGET_PATTERN","affluent wealthy","market-validation-api/src/domain/market-research/scoring.ts"
"substantial","direct-wordnet-synonym-review","market-regex-high_income_target_pattern","HIGH_INCOME_TARGET_PATTERN","affluent wealthy","market-validation-api/src/domain/market-research/scoring.ts"
"acres","direct-wordnet-synonym-review","market-regex-housing_construction_relevant_pattern","HOUSING_CONSTRUCTION_RELEVANT_PATTERN","estate","market-validation-api/src/domain/market-research/fetchers/expansionSignals.ts"
"betterment","direct-wordnet-synonym-review","market-regex-housing_construction_relevant_pattern","HOUSING_CONSTRUCTION_RELEVANT_PATTERN","improvement","market-validation-api/src/domain/market-research/fetchers/expansionSignals.ts"
"fence","direct-wordnet-synonym-review","market-regex-housing_construction_relevant_pattern","HOUSING_CONSTRUCTION_RELEVANT_PATTERN","fencing","market-validation-api/src/domain/market-research/fetchers/expansionSignals.ts"
"figure","direct-wordnet-synonym-review","market-regex-housing_construction_relevant_pattern","HOUSING_CONSTRUCTION_RELEVANT_PATTERN","design material","market-validation-api/src/domain/market-research/fetchers/expansionSignals.ts"
"immovable","direct-wordnet-synonym-review","market-regex-housing_construction_relevant_pattern","HOUSING_CONSTRUCTION_RELEVANT_PATTERN","real estate","market-validation-api/src/domain/market-research/fetchers/expansionSignals.ts"
"mortgagee","direct-wordnet-synonym-review","market-regex-housing_construction_relevant_pattern","HOUSING_CONSTRUCTION_RELEVANT_PATTERN","mortgage","market-validation-api/src/domain/market-research/fetchers/expansionSignals.ts"
"national","direct-wordnet-synonym-review","market-regex-housing_construction_relevant_pattern","HOUSING_CONSTRUCTION_RELEVANT_PATTERN","interior","market-validation-api/src/domain/market-research/fetchers/expansionSignals.ts"
"pavement","direct-wordnet-synonym-review","market-regex-housing_construction_relevant_pattern","HOUSING_CONSTRUCTION_RELEVANT_PATTERN","material paving","market-validation-api/src/domain/market-research/fetchers/expansionSignals.ts"
"picture","direct-wordnet-synonym-review","market-regex-housing_construction_relevant_pattern","HOUSING_CONSTRUCTION_RELEVANT_PATTERN","moving painting","market-validation-api/src/domain/market-research/fetchers/expansionSignals.ts"
"possession","direct-wordnet-synonym-review","market-regex-housing_construction_relevant_pattern","HOUSING_CONSTRUCTION_RELEVANT_PATTERN","self control","market-validation-api/src/domain/market-research/fetchers/expansionSignals.ts"
"recast","direct-wordnet-synonym-review","market-regex-housing_construction_relevant_pattern","HOUSING_CONSTRUCTION_RELEVANT_PATTERN","remodel","market-validation-api/src/domain/market-research/fetchers/expansionSignals.ts"
"reforge","direct-wordnet-synonym-review","market-regex-housing_construction_relevant_pattern","HOUSING_CONSTRUCTION_RELEVANT_PATTERN","remodel","market-validation-api/src/domain/market-research/fetchers/expansionSignals.ts"
"seizure","direct-wordnet-synonym-review","market-regex-housing_construction_relevant_pattern","HOUSING_CONSTRUCTION_RELEVANT_PATTERN","control","market-validation-api/src/domain/market-research/fetchers/expansionSignals.ts"
"substantial","direct-wordnet-synonym-review","market-regex-housing_construction_relevant_pattern","HOUSING_CONSTRUCTION_RELEVANT_PATTERN","real material","market-validation-api/src/domain/market-research/fetchers/expansionSignals.ts"
"willpower","direct-wordnet-synonym-review","market-regex-housing_construction_relevant_pattern","HOUSING_CONSTRUCTION_RELEVANT_PATTERN","self control","market-validation-api/src/domain/market-research/fetchers/expansionSignals.ts"
"apple","direct-wordnet-synonym-review","market-regex-inherently_seasonal_business_pattern","INHERENTLY_SEASONAL_BUSINESS_PATTERN","tree orchard","market-validation-api/src/domain/market-research/scoring.ts"
"funfair","direct-wordnet-synonym-review","market-regex-inherently_seasonal_business_pattern","INHERENTLY_SEASONAL_BUSINESS_PATTERN","ground park amusement carnival","market-validation-api/src/domain/market-research/scoring.ts"
"graveyard","direct-wordnet-synonym-review","market-regex-inherently_seasonal_business_pattern","INHERENTLY_SEASONAL_BUSINESS_PATTERN","ground park","market-validation-api/src/domain/market-research/scoring.ts"
"hangout","direct-wordnet-synonym-review","market-regex-inherently_seasonal_business_pattern","INHERENTLY_SEASONAL_BUSINESS_PATTERN","resort ground","market-validation-api/src/domain/market-research/scoring.ts"
"haunt","direct-wordnet-synonym-review","market-regex-inherently_seasonal_business_pattern","INHERENTLY_SEASONAL_BUSINESS_PATTERN","resort ground","market-validation-api/src/domain/market-research/scoring.ts"
"hemlock","direct-wordnet-synonym-review","market-regex-inherently_seasonal_business_pattern","INHERENTLY_SEASONAL_BUSINESS_PATTERN","winter tree","market-validation-api/src/domain/market-research/scoring.ts"
"necropolis","direct-wordnet-synonym-review","market-regex-inherently_seasonal_business_pattern","INHERENTLY_SEASONAL_BUSINESS_PATTERN","ground park","market-validation-api/src/domain/market-research/scoring.ts"
"plot","direct-wordnet-synonym-review","market-regex-inherently_seasonal_business_pattern","INHERENTLY_SEASONAL_BUSINESS_PATTERN","ground patch","market-validation-api/src/domain/market-research/scoring.ts"
"puddle","direct-wordnet-synonym-review","market-regex-inherently_seasonal_business_pattern","INHERENTLY_SEASONAL_BUSINESS_PATTERN","water pool","market-validation-api/src/domain/market-research/scoring.ts"
"revenue","direct-wordnet-synonym-review","market-regex-inherently_seasonal_business_pattern","INHERENTLY_SEASONAL_BUSINESS_PATTERN","tax income","market-validation-api/src/domain/market-research/scoring.ts"
"soda","direct-wordnet-synonym-review","market-regex-inherently_seasonal_business_pattern","INHERENTLY_SEASONAL_BUSINESS_PATTERN","pop water","market-validation-api/src/domain/market-research/scoring.ts"
"spell","direct-wordnet-synonym-review","market-regex-inherently_seasonal_business_pattern","INHERENTLY_SEASONAL_BUSINESS_PATTERN","tour patch","market-validation-api/src/domain/market-research/scoring.ts"
"taxation","direct-wordnet-synonym-review","market-regex-inherently_seasonal_business_pattern","INHERENTLY_SEASONAL_BUSINESS_PATTERN","tax income","market-validation-api/src/domain/market-research/scoring.ts"
"tonic","direct-wordnet-synonym-review","market-regex-inherently_seasonal_business_pattern","INHERENTLY_SEASONAL_BUSINESS_PATTERN","pop water","market-validation-api/src/domain/market-research/scoring.ts"
"alcoholism","direct-wordnet-synonym-review","market-regex-licensed_trade_pattern","LICENSED_TRADE_PATTERN","alcohol","market-validation-api/src/domain/market-research/scoring.ts"
"daily","direct-wordnet-synonym-review","market-regex-licensed_trade_pattern","LICENSED_TRADE_PATTERN","day","market-validation-api/src/domain/market-research/scoring.ts"
"drunkenness","direct-wordnet-synonym-review","market-regex-licensed_trade_pattern","LICENSED_TRADE_PATTERN","alcohol","market-validation-api/src/domain/market-research/scoring.ts"
"indemnity","direct-wordnet-synonym-review","market-regex-licensed_trade_pattern","LICENSED_TRADE_PATTERN","insurance","market-validation-api/src/domain/market-research/scoring.ts"
"inebriation","direct-wordnet-synonym-review","market-regex-licensed_trade_pattern","LICENSED_TRADE_PATTERN","alcohol","market-validation-api/src/domain/market-research/scoring.ts"
"jurisprudence","direct-wordnet-synonym-review","market-regex-licensed_trade_pattern","LICENSED_TRADE_PATTERN","law","market-validation-api/src/domain/market-research/scoring.ts"
"knead","direct-wordnet-synonym-review","market-regex-licensed_trade_pattern","LICENSED_TRADE_PATTERN","massage","market-validation-api/src/domain/market-research/scoring.ts"
"mastermind","direct-wordnet-synonym-review","market-regex-licensed_trade_pattern","LICENSED_TRADE_PATTERN","engineer","market-validation-api/src/domain/market-research/scoring.ts"
"order","direct-wordnet-synonym-review","market-regex-licensed_trade_pattern","LICENSED_TRADE_PATTERN","law","market-validation-api/src/domain/market-research/scoring.ts"
"picnic","direct-wordnet-synonym-review","market-regex-licensed_trade_pattern","LICENSED_TRADE_PATTERN","day","market-validation-api/src/domain/market-research/scoring.ts"
"wagon","direct-wordnet-synonym-review","market-regex-licensed_trade_pattern","LICENSED_TRADE_PATTERN","estate","market-validation-api/src/domain/market-research/scoring.ts"
"bivouac","direct-wordnet-synonym-review","market-regex-noaa_climate_relevant_pattern","NOAA_CLIMATE_RELEVANT_PATTERN","camp ground","market-validation-api/src/domain/market-research/scoring.ts"
"encampment","direct-wordnet-synonym-review","market-regex-noaa_climate_relevant_pattern","NOAA_CLIMATE_RELEVANT_PATTERN","camp ground","market-validation-api/src/domain/market-research/scoring.ts"
"close","direct-wordnet-synonym-review","market-regex-premium_price_pattern","PREMIUM_PRICE_PATTERN","end","market-validation-api/src/domain/market-research/scoring.ts"
"lavishness","direct-wordnet-synonym-review","market-regex-premium_price_pattern","PREMIUM_PRICE_PATTERN","luxury","market-validation-api/src/domain/market-research/scoring.ts"
"price","direct-wordnet-synonym-review","market-regex-premium_price_pattern","PREMIUM_PRICE_PATTERN","price","market-validation-api/src/domain/market-research/scoring.ts"
"seat","direct-wordnet-synonym-review","market-regex-premium_price_pattern","PREMIUM_PRICE_PATTERN","end","market-validation-api/src/domain/market-research/scoring.ts"
"aged","direct-wordnet-synonym-review","market-regex-senior_focus_pattern","SENIOR_FOCUS_PATTERN","senior elderly","market-validation-api/src/domain/market-research/scoring.ts"
"direction","direct-wordnet-synonym-review","market-regex-senior_focus_pattern","SENIOR_FOCUS_PATTERN","focus","market-validation-api/src/domain/market-research/scoring.ts"
"older","direct-wordnet-synonym-review","market-regex-senior_focus_pattern","SENIOR_FOCUS_PATTERN","senior elder elderly","market-validation-api/src/domain/market-research/scoring.ts"
"corn","direct-wordnet-synonym-review","market-regex-special_federal_license_pattern","SPECIAL_FEDERAL_LICENSE_PATTERN","whiskey whisky","market-validation-api/src/domain/market-research/fetchers/expansionSignals.ts"
"joint","direct-wordnet-synonym-review","market-regex-special_federal_license_pattern","SPECIAL_FEDERAL_LICENSE_PATTERN","marijuana cigarette","market-validation-api/src/domain/market-research/fetchers/expansionSignals.ts"
"reefer","direct-wordnet-synonym-review","market-regex-special_federal_license_pattern","SPECIAL_FEDERAL_LICENSE_PATTERN","marijuana cigarette","market-validation-api/src/domain/market-research/fetchers/expansionSignals.ts"
"rye","direct-wordnet-synonym-review","market-regex-special_federal_license_pattern","SPECIAL_FEDERAL_LICENSE_PATTERN","whiskey whisky","market-validation-api/src/domain/market-research/fetchers/expansionSignals.ts"
"scotch","direct-wordnet-synonym-review","market-regex-special_federal_license_pattern","SPECIAL_FEDERAL_LICENSE_PATTERN","whiskey whisky","market-validation-api/src/domain/market-research/fetchers/expansionSignals.ts"
"spliff","direct-wordnet-synonym-review","market-regex-special_federal_license_pattern","SPECIAL_FEDERAL_LICENSE_PATTERN","marijuana cigarette","market-validation-api/src/domain/market-research/fetchers/expansionSignals.ts"
"stick","direct-wordnet-synonym-review","market-regex-special_federal_license_pattern","SPECIAL_FEDERAL_LICENSE_PATTERN","marijuana cigarette","market-validation-api/src/domain/market-research/fetchers/expansionSignals.ts"
"accommodate","direct-wordnet-synonym-review","market-regex-vehicle_fit_relevant_pattern","VEHICLE_FIT_RELEVANT_PATTERN","fit","market-validation-api/src/domain/market-research/scoring.ts"
"cab","direct-wordnet-synonym-review","market-regex-vehicle_fit_relevant_pattern","VEHICLE_FIT_RELEVANT_PATTERN","taxi","market-validation-api/src/domain/market-research/scoring.ts"
"delight","direct-wordnet-synonym-review","market-regex-vehicle_fit_relevant_pattern","VEHICLE_FIT_RELEVANT_PATTERN","transport","market-validation-api/src/domain/market-research/scoring.ts"
"equip","direct-wordnet-synonym-review","market-regex-vehicle_fit_relevant_pattern","VEHICLE_FIT_RELEVANT_PATTERN","fit","market-validation-api/src/domain/market-research/scoring.ts"
"fit","direct-wordnet-synonym-review","market-regex-vehicle_fit_relevant_pattern","VEHICLE_FIT_RELEVANT_PATTERN","fit","market-validation-api/src/domain/market-research/scoring.ts"
"lading","direct-wordnet-synonym-review","market-regex-vehicle_fit_relevant_pattern","VEHICLE_FIT_RELEVANT_PATTERN","freight","market-validation-api/src/domain/market-research/scoring.ts"
"lap","direct-wordnet-synonym-review","market-regex-vehicle_fit_relevant_pattern","VEHICLE_FIT_RELEVANT_PATTERN","wash","market-validation-api/src/domain/market-research/scoring.ts"
"loading","direct-wordnet-synonym-review","market-regex-vehicle_fit_relevant_pattern","VEHICLE_FIT_RELEVANT_PATTERN","freight","market-validation-api/src/domain/market-research/scoring.ts"
"mileage","direct-wordnet-synonym-review","market-regex-vehicle_fit_relevant_pattern","VEHICLE_FIT_RELEVANT_PATTERN","gas fuel","market-validation-api/src/domain/market-research/scoring.ts"
"motor","direct-wordnet-synonym-review","market-regex-vehicle_fit_relevant_pattern","VEHICLE_FIT_RELEVANT_PATTERN","drive","market-validation-api/src/domain/market-research/scoring.ts"
"outfit","direct-wordnet-synonym-review","market-regex-vehicle_fit_relevant_pattern","VEHICLE_FIT_RELEVANT_PATTERN","fit","market-validation-api/src/domain/market-research/scoring.ts"
"payload","direct-wordnet-synonym-review","market-regex-vehicle_fit_relevant_pattern","VEHICLE_FIT_RELEVANT_PATTERN","freight","market-validation-api/src/domain/market-research/scoring.ts"
"pusher","direct-wordnet-synonym-review","market-regex-vehicle_fit_relevant_pattern","VEHICLE_FIT_RELEVANT_PATTERN","dealer","market-validation-api/src/domain/market-research/scoring.ts"
"ram","direct-wordnet-synonym-review","market-regex-vehicle_fit_relevant_pattern","VEHICLE_FIT_RELEVANT_PATTERN","drive","market-validation-api/src/domain/market-research/scoring.ts"
"repel","direct-wordnet-synonym-review","market-regex-vehicle_fit_relevant_pattern","VEHICLE_FIT_RELEVANT_PATTERN","drive","market-validation-api/src/domain/market-research/scoring.ts"
"restroom","direct-wordnet-synonym-review","market-regex-vehicle_fit_relevant_pattern","VEHICLE_FIT_RELEVANT_PATTERN","wash station","market-validation-api/src/domain/market-research/scoring.ts"
"rig","direct-wordnet-synonym-review","market-regex-vehicle_fit_relevant_pattern","VEHICLE_FIT_RELEVANT_PATTERN","truck trucking","market-validation-api/src/domain/market-research/scoring.ts"
"sampler","direct-wordnet-synonym-review","market-regex-vehicle_fit_relevant_pattern","VEHICLE_FIT_RELEVANT_PATTERN","station","market-validation-api/src/domain/market-research/scoring.ts"
"send","direct-wordnet-synonym-review","market-regex-vehicle_fit_relevant_pattern","VEHICLE_FIT_RELEVANT_PATTERN","transport station","market-validation-api/src/domain/market-research/scoring.ts"
"shipment","direct-wordnet-synonym-review","market-regex-vehicle_fit_relevant_pattern","VEHICLE_FIT_RELEVANT_PATTERN","freight","market-validation-api/src/domain/market-research/scoring.ts"
"taxicab","direct-wordnet-synonym-review","market-regex-vehicle_fit_relevant_pattern","VEHICLE_FIT_RELEVANT_PATTERN","taxi","market-validation-api/src/domain/market-research/scoring.ts"
"tripe","direct-wordnet-synonym-review","market-regex-vehicle_fit_relevant_pattern","VEHICLE_FIT_RELEVANT_PATTERN","wash","market-validation-api/src/domain/market-research/scoring.ts"
"waggon","direct-wordnet-synonym-review","market-regex-vehicle_fit_relevant_pattern","VEHICLE_FIT_RELEVANT_PATTERN","station","market-validation-api/src/domain/market-research/scoring.ts"
"bakehouse","direct-wordnet-synonym-review","overpass-osm-tag","bakeries","bakery bakeshop","market-validation-api/src/domain/market-research/fetchers/overpass.ts"
"coffeehouse","direct-wordnet-synonym-review","overpass-osm-tag","cafes/coffee shops","coffee cafe","market-validation-api/src/domain/market-research/fetchers/overpass.ts"
"doc","direct-wordnet-synonym-review","overpass-osm-tag","doctors'/medical offices","physician doctor","market-validation-api/src/domain/market-research/fetchers/overpass.ts"
"medico","direct-wordnet-synonym-review","overpass-osm-tag","doctors'/medical offices","physician doctor","market-validation-api/src/domain/market-research/fetchers/overpass.ts"
"court","direct-wordnet-synonym-review","overpass-osm-tag","hotels/lodging","hotel inn","market-validation-api/src/domain/market-research/fetchers/overpass.ts"
"jurisprudence","direct-wordnet-synonym-review","overpass-osm-tag","law offices","law","market-validation-api/src/domain/market-research/fetchers/overpass.ts"
"banknote","direct-wordnet-synonym-review","registry-reserved-word","banking","bank banker federal","registry-api/src/reservedWords.ts"
"greenback","direct-wordnet-synonym-review","registry-reserved-word","banking","bank banker federal","registry-api/src/reservedWords.ts"
"note","direct-wordnet-synonym-review","registry-reserved-word","banking","bank banker federal","registry-api/src/reservedWords.ts"
"banknote","direct-wordnet-synonym-review","registry-reserved-word","government","government federal reserve","registry-api/src/reservedWords.ts"
"bureau","direct-wordnet-synonym-review","registry-reserved-word","government","government federal","registry-api/src/reservedWords.ts"
"fed","direct-wordnet-synonym-review","registry-reserved-word","government","federal reserve","registry-api/src/reservedWords.ts"
"greenback","direct-wordnet-synonym-review","registry-reserved-word","government","government federal reserve","registry-api/src/reservedWords.ts"
"note","direct-wordnet-synonym-review","registry-reserved-word","government","government federal reserve","registry-api/src/reservedWords.ts"
"politics","direct-wordnet-synonym-review","registry-reserved-word","government","government","registry-api/src/reservedWords.ts"
"porter","direct-wordnet-synonym-review","registry-reserved-word","government","guard","registry-api/src/reservedWords.ts"
"ward","direct-wordnet-synonym-review","registry-reserved-word","government","guard","registry-api/src/reservedWords.ts"
"underwriter","direct-wordnet-synonym-review","registry-reserved-word","insurance","insurance insurer","registry-api/src/reservedWords.ts"
"join","direct-wordnet-synonym-review","regulatory-status","Credit Union","union","desk_business/lib/models/setup/business_structure/reference_tables.dart"
"unionist","direct-wordnet-synonym-review","regulatory-status","Credit Union","union","desk_business/lib/models/setup/business_structure/reference_tables.dart"
"banknote","direct-wordnet-synonym-review","regulatory-status","Government Contractor","government federal","desk_business/lib/models/setup/business_structure/reference_tables.dart"
"bureau","direct-wordnet-synonym-review","regulatory-status","Government Contractor","government federal","desk_business/lib/models/setup/business_structure/reference_tables.dart"
"greenback","direct-wordnet-synonym-review","regulatory-status","Government Contractor","government federal","desk_business/lib/models/setup/business_structure/reference_tables.dart"
"note","direct-wordnet-synonym-review","regulatory-status","Government Contractor","government federal","desk_business/lib/models/setup/business_structure/reference_tables.dart"
"watcher","direct-wordnet-synonym-review","regulatory-status","Private Security/Guard License","security guard","desk_business/lib/models/setup/business_structure/reference_tables.dart"
"watchman","direct-wordnet-synonym-review","regulatory-status","Private Security/Guard License","security guard","desk_business/lib/models/setup/business_structure/reference_tables.dart"
"adviser","direct-wordnet-synonym-review","regulatory-status","Registered Investment Adviser","adviser advisor","desk_business/lib/models/setup/business_structure/reference_tables.dart"
"consultant","direct-wordnet-synonym-review","regulatory-status","Registered Investment Adviser","adviser advisor","desk_business/lib/models/setup/business_structure/reference_tables.dart"
"accountancy","direct-wordnet-synonym-review","setup-classifier","Accounting / Bookkeeping / Tax Preparation","accounting","desk-api/src/routes/functions/analyzeBusinessSetup.ts"
"generate","direct-wordnet-synonym-review","setup-classifier","Accounting / Bookkeeping / Tax Preparation","return","desk-api/src/routes/functions/analyzeBusinessSetup.ts"
"qualified","direct-wordnet-synonym-review","setup-classifier","Accounting / Bookkeeping / Tax Preparation","certified","desk-api/src/routes/functions/analyzeBusinessSetup.ts"
"withstand","direct-wordnet-synonym-review","setup-classifier","Accounting / Bookkeeping / Tax Preparation","firm","desk-api/src/routes/functions/analyzeBusinessSetup.ts"
"bantu","direct-wordnet-synonym-review","setup-classifier","AI Services","language","desk-api/src/routes/functions/analyzeBusinessSetup.ts"
"calculator","direct-wordnet-synonym-review","setup-classifier","AI Services","machine computer","desk-api/src/routes/functions/analyzeBusinessSetup.ts"
"lisp","direct-wordnet-synonym-review","setup-classifier","AI Services","language processing","desk-api/src/routes/functions/analyzeBusinessSetup.ts"
"mainframe","direct-wordnet-synonym-review","setup-classifier","AI Services","computer processing","desk-api/src/routes/functions/analyzeBusinessSetup.ts"
"outpouring","direct-wordnet-synonym-review","setup-classifier","AI Services","natural","desk-api/src/routes/functions/analyzeBusinessSetup.ts"
"reservoir","direct-wordnet-synonym-review","setup-classifier","AI Services","artificial","desk-api/src/routes/functions/analyzeBusinessSetup.ts"
"selection","direct-wordnet-synonym-review","setup-classifier","AI Services","natural","desk-api/src/routes/functions/analyzeBusinessSetup.ts"
"sight","direct-wordnet-synonym-review","setup-classifier","AI Services","vision","desk-api/src/routes/functions/analyzeBusinessSetup.ts"
"simulation","direct-wordnet-synonym-review","setup-classifier","AI Services","model computer","desk-api/src/routes/functions/analyzeBusinessSetup.ts"
"thrasher","direct-wordnet-synonym-review","setup-classifier","AI Services","machine","desk-api/src/routes/functions/analyzeBusinessSetup.ts"
"thresher","direct-wordnet-synonym-review","setup-classifier","AI Services","machine","desk-api/src/routes/functions/analyzeBusinessSetup.ts"
"changer","direct-wordnet-synonym-review","setup-classifier","Auto Dealership","auto","desk-api/src/routes/functions/analyzeBusinessSetup.ts"
"brakes","direct-wordnet-synonym-review","setup-classifier","Auto Repair Shop","brake","desk-api/src/routes/functions/analyzeBusinessSetup.ts"
"deplete","direct-wordnet-synonym-review","setup-classifier","Auto Repair Shop","exhaust","desk-api/src/routes/functions/analyzeBusinessSetup.ts"
"locomotive","direct-wordnet-synonym-review","setup-classifier","Auto Repair Shop","engine","desk-api/src/routes/functions/analyzeBusinessSetup.ts"
"rocket","direct-wordnet-synonym-review","setup-classifier","Auto Repair Shop","engine","desk-api/src/routes/functions/analyzeBusinessSetup.ts"
"sap","direct-wordnet-synonym-review","setup-classifier","Auto Repair Shop","tire exhaust","desk-api/src/routes/functions/analyzeBusinessSetup.ts"
"send","direct-wordnet-synonym-review","setup-classifier","Auto Repair Shop","station","desk-api/src/routes/functions/analyzeBusinessSetup.ts"
"skid","direct-wordnet-synonym-review","setup-classifier","Auto Repair Shop","brake","desk-api/src/routes/functions/analyzeBusinessSetup.ts"
"stoplight","direct-wordnet-synonym-review","setup-classifier","Auto Repair Shop","brake","desk-api/src/routes/functions/analyzeBusinessSetup.ts"
"travel","direct-wordnet-synonym-review","setup-classifier","Auto Repair Shop","change","desk-api/src/routes/functions/analyzeBusinessSetup.ts"
"turnaround","direct-wordnet-synonym-review","setup-classifier","Auto Repair Shop","change","desk-api/src/routes/functions/analyzeBusinessSetup.ts"
"upkeep","direct-wordnet-synonym-review","setup-classifier","Auto Repair Shop","maintenance","desk-api/src/routes/functions/analyzeBusinessSetup.ts"
"waggon","direct-wordnet-synonym-review","setup-classifier","Auto Repair Shop","station","desk-api/src/routes/functions/analyzeBusinessSetup.ts"
"rusk","direct-wordnet-synonym-review","setup-classifier","Bakery","bread baked","desk-api/src/routes/functions/analyzeBusinessSetup.ts"
"sweet","direct-wordnet-synonym-review","setup-classifier","Bakery","dessert confection","desk-api/src/routes/functions/analyzeBusinessSetup.ts"
"zwieback","direct-wordnet-synonym-review","setup-classifier","Bakery","bread baked","desk-api/src/routes/functions/analyzeBusinessSetup.ts"
"booze","direct-wordnet-synonym-review","setup-classifier","Brewery / Winery","spirits drink hard","desk-api/src/routes/functions/analyzeBusinessSetup.ts"
"saloon","direct-wordnet-synonym-review","setup-classifier","Brewery / Winery","house taproom","desk-api/src/routes/functions/analyzeBusinessSetup.ts"
"answer","direct-wordnet-synonym-review","setup-classifier","Car Wash","serve","desk-api/src/routes/functions/analyzeBusinessSetup.ts"
"autosuggestion","direct-wordnet-synonym-review","setup-classifier","Car Wash","auto self","desk-api/src/routes/functions/analyzeBusinessSetup.ts"
"suffice","direct-wordnet-synonym-review","setup-classifier","Car Wash","serve","desk-api/src/routes/functions/analyzeBusinessSetup.ts"
"repast","direct-wordnet-synonym-review","setup-classifier","Catering Service","meal","desk-api/src/routes/functions/analyzeBusinessSetup.ts"
"manufactory","direct-wordnet-synonym-review","setup-classifier","Chemical Manufacturing","manufacturing plant","desk-api/src/routes/functions/analyzeBusinessSetup.ts"
"mill","direct-wordnet-synonym-review","setup-classifier","Chemical Manufacturing","manufacturing plant","desk-api/src/routes/functions/analyzeBusinessSetup.ts"
"works","direct-wordnet-synonym-review","setup-classifier","Chemical Manufacturing","plant industrial","desk-api/src/routes/functions/analyzeBusinessSetup.ts"
"babe","direct-wordnet-synonym-review","setup-classifier","Childcare Center / Daycare","infant","desk-api/src/routes/functions/analyzeBusinessSetup.ts"
"baby","direct-wordnet-synonym-review","setup-classifier","Childcare Center / Daycare","infant","desk-api/src/routes/functions/analyzeBusinessSetup.ts"
"babyhood","direct-wordnet-synonym-review","setup-classifier","Childcare Center / Daycare","early childhood","desk-api/src/routes/functions/analyzeBusinessSetup.ts"
"bambino","direct-wordnet-synonym-review","setup-classifier","Childcare Center / Daycare","toddler","desk-api/src/routes/functions/analyzeBusinessSetup.ts"
"civilise","direct-wordnet-synonym-review","setup-classifier","Childcare Center / Daycare","school","desk-api/src/routes/functions/analyzeBusinessSetup.ts"
"civilize","direct-wordnet-synonym-review","setup-classifier","Childcare Center / Daycare","school","desk-api/src/routes/functions/analyzeBusinessSetup.ts"
"foundling","direct-wordnet-synonym-review","setup-classifier","Childcare Center / Daycare","infant","desk-api/src/routes/functions/analyzeBusinessSetup.ts"
"infancy","direct-wordnet-synonym-review","setup-classifier","Childcare Center / Daycare","early childhood","desk-api/src/routes/functions/analyzeBusinessSetup.ts"
"philosophy","direct-wordnet-synonym-review","setup-classifier","Childcare Center / Daycare","school","desk-api/src/routes/functions/analyzeBusinessSetup.ts"
"puerility","direct-wordnet-synonym-review","setup-classifier","Childcare Center / Daycare","childhood","desk-api/src/routes/functions/analyzeBusinessSetup.ts"
"pupil","direct-wordnet-synonym-review","setup-classifier","Childcare Center / Daycare","school","desk-api/src/routes/functions/analyzeBusinessSetup.ts"
"schoolchild","direct-wordnet-synonym-review","setup-classifier","Childcare Center / Daycare","school","desk-api/src/routes/functions/analyzeBusinessSetup.ts"
"tag","direct-wordnet-synonym-review","setup-classifier","Childcare Center / Daycare","after","desk-api/src/routes/functions/analyzeBusinessSetup.ts"
"tot","direct-wordnet-synonym-review","setup-classifier","Childcare Center / Daycare","toddler","desk-api/src/routes/functions/analyzeBusinessSetup.ts"
"yearling","direct-wordnet-synonym-review","setup-classifier","Childcare Center / Daycare","toddler","desk-api/src/routes/functions/analyzeBusinessSetup.ts"
"annoyance","direct-wordnet-synonym-review","setup-classifier","Chiropractic Practice","pain neck","desk-api/src/routes/functions/analyzeBusinessSetup.ts"
"backbone","direct-wordnet-synonym-review","setup-classifier","Chiropractic Practice","spinal spine back","desk-api/src/routes/functions/analyzeBusinessSetup.ts"
"bother","direct-wordnet-synonym-review","setup-classifier","Chiropractic Practice","pain neck","desk-api/src/routes/functions/analyzeBusinessSetup.ts"
"botheration","direct-wordnet-synonym-review","setup-classifier","Chiropractic Practice","pain neck","desk-api/src/routes/functions/analyzeBusinessSetup.ts"
"infliction","direct-wordnet-synonym-review","setup-classifier","Chiropractic Practice","pain neck","desk-api/src/routes/functions/analyzeBusinessSetup.ts"
"nuisance","direct-wordnet-synonym-review","setup-classifier","Chiropractic Practice","pain neck","desk-api/src/routes/functions/analyzeBusinessSetup.ts"
"rachis","direct-wordnet-synonym-review","setup-classifier","Chiropractic Practice","spinal spine back","desk-api/src/routes/functions/analyzeBusinessSetup.ts"
"accession","direct-wordnet-synonym-review","setup-classifier","Cleaning / Janitorial Service","power","desk-api/src/routes/functions/analyzeBusinessSetup.ts"
"rosette","direct-wordnet-synonym-review","setup-classifier","Cleaning / Janitorial Service","window","desk-api/src/routes/functions/analyzeBusinessSetup.ts"
"washables","direct-wordnet-synonym-review","setup-classifier","Cleaning / Janitorial Service","washing laundry","desk-api/src/routes/functions/analyzeBusinessSetup.ts"
"coffeehouse","direct-wordnet-synonym-review","setup-classifier","Coffee Shop / Cafe","coffee cafe bar","desk-api/src/routes/functions/analyzeBusinessSetup.ts"
"saloon","direct-wordnet-synonym-review","setup-classifier","Coffee Shop / Cafe","bar house","desk-api/src/routes/functions/analyzeBusinessSetup.ts"
"anatomy","direct-wordnet-synonym-review","setup-classifier","Collision / Auto Body Repair","frame","desk-api/src/routes/functions/analyzeBusinessSetup.ts"
"bod","direct-wordnet-synonym-review","setup-classifier","Collision / Auto Body Repair","frame","desk-api/src/routes/functions/analyzeBusinessSetup.ts"
"chassis","direct-wordnet-synonym-review","setup-classifier","Collision / Auto Body Repair","frame","desk-api/src/routes/functions/analyzeBusinessSetup.ts"
"figure","direct-wordnet-synonym-review","setup-classifier","Collision / Auto Body Repair","frame","desk-api/src/routes/functions/analyzeBusinessSetup.ts"
"fixing","direct-wordnet-synonym-review","setup-classifier","Collision / Auto Body Repair","repair","desk-api/src/routes/functions/analyzeBusinessSetup.ts"
"flesh","direct-wordnet-synonym-review","setup-classifier","Collision / Auto Body Repair","frame","desk-api/src/routes/functions/analyzeBusinessSetup.ts"
"incision","direct-wordnet-synonym-review","setup-classifier","Collision / Auto Body Repair","dent","desk-api/src/routes/functions/analyzeBusinessSetup.ts"
"indent","direct-wordnet-synonym-review","setup-classifier","Collision / Auto Body Repair","dent","desk-api/src/routes/functions/analyzeBusinessSetup.ts"
"physique","direct-wordnet-synonym-review","setup-classifier","Collision / Auto Body Repair","frame","desk-api/src/routes/functions/analyzeBusinessSetup.ts"
"skeleton","direct-wordnet-synonym-review","setup-classifier","Collision / Auto Body Repair","frame","desk-api/src/routes/functions/analyzeBusinessSetup.ts"
"soma","direct-wordnet-synonym-review","setup-classifier","Collision / Auto Body Repair","frame","desk-api/src/routes/functions/analyzeBusinessSetup.ts"
"pavement","direct-wordnet-synonym-review","setup-classifier","Concrete Contractor","paving sidewalk","desk-api/src/routes/functions/analyzeBusinessSetup.ts"
"bivouac","direct-wordnet-synonym-review","setup-classifier","Consulting / Professional Services","site","desk-api/src/routes/functions/analyzeBusinessSetup.ts"
"campground","direct-wordnet-synonym-review","setup-classifier","Consulting / Professional Services","site","desk-api/src/routes/functions/analyzeBusinessSetup.ts"
"campsite","direct-wordnet-synonym-review","setup-classifier","Consulting / Professional Services","site","desk-api/src/routes/functions/analyzeBusinessSetup.ts"
"career","direct-wordnet-synonym-review","setup-classifier","Consulting / Professional Services","life","desk-api/src/routes/functions/analyzeBusinessSetup.ts"
"class","direct-wordnet-synonym-review","setup-classifier","Consulting / Professional Services","course","desk-api/src/routes/functions/analyzeBusinessSetup.ts"
"climacteric","direct-wordnet-synonym-review","setup-classifier","Consulting / Professional Services","change life","desk-api/src/routes/functions/analyzeBusinessSetup.ts"
"curriculum","direct-wordnet-synonym-review","setup-classifier","Consulting / Professional Services","course","desk-api/src/routes/functions/analyzeBusinessSetup.ts"
"deed","direct-wordnet-synonym-review","setup-classifier","Consulting / Professional Services","human","desk-api/src/routes/functions/analyzeBusinessSetup.ts"
"deference","direct-wordnet-synonym-review","setup-classifier","Consulting / Professional Services","compliance","desk-api/src/routes/functions/analyzeBusinessSetup.ts"
"encampment","direct-wordnet-synonym-review","setup-classifier","Consulting / Professional Services","site","desk-api/src/routes/functions/analyzeBusinessSetup.ts"
"gybe","direct-wordnet-synonym-review","setup-classifier","Consulting / Professional Services","change course","desk-api/src/routes/functions/analyzeBusinessSetup.ts"
"jib","direct-wordnet-synonym-review","setup-classifier","Consulting / Professional Services","change course","desk-api/src/routes/functions/analyzeBusinessSetup.ts"
"jibe","direct-wordnet-synonym-review","setup-classifier","Consulting / Professional Services","change course","desk-api/src/routes/functions/analyzeBusinessSetup.ts"
"lifeline","direct-wordnet-synonym-review","setup-classifier","Consulting / Professional Services","life","desk-api/src/routes/functions/analyzeBusinessSetup.ts"
"love","direct-wordnet-synonym-review","setup-classifier","Consulting / Professional Services","life","desk-api/src/routes/functions/analyzeBusinessSetup.ts"
"menopause","direct-wordnet-synonym-review","setup-classifier","Consulting / Professional Services","change life","desk-api/src/routes/functions/analyzeBusinessSetup.ts"
"nightlife","direct-wordnet-synonym-review","setup-classifier","Consulting / Professional Services","life","desk-api/src/routes/functions/analyzeBusinessSetup.ts"
"organisation","direct-wordnet-synonym-review","setup-classifier","Consulting / Professional Services","administration","desk-api/src/routes/functions/analyzeBusinessSetup.ts"
"path","direct-wordnet-synonym-review","setup-classifier","Consulting / Professional Services","course life","desk-api/src/routes/functions/analyzeBusinessSetup.ts"
"programme","direct-wordnet-synonym-review","setup-classifier","Consulting / Professional Services","course","desk-api/src/routes/functions/analyzeBusinessSetup.ts"
"recitation","direct-wordnet-synonym-review","setup-classifier","Consulting / Professional Services","course","desk-api/src/routes/functions/analyzeBusinessSetup.ts"
"relationship","direct-wordnet-synonym-review","setup-classifier","Consulting / Professional Services","human","desk-api/src/routes/functions/analyzeBusinessSetup.ts"
"row","direct-wordnet-synonym-review","setup-classifier","Consulting / Professional Services","course","desk-api/src/routes/functions/analyzeBusinessSetup.ts"
"supervisor","direct-wordnet-synonym-review","setup-classifier","Consulting / Professional Services","executive","desk-api/src/routes/functions/analyzeBusinessSetup.ts"
"syllabus","direct-wordnet-synonym-review","setup-classifier","Consulting / Professional Services","course","desk-api/src/routes/functions/analyzeBusinessSetup.ts"
"restroom","direct-wordnet-synonym-review","setup-classifier","Convenience Store","convenience station","desk-api/src/routes/functions/analyzeBusinessSetup.ts"
"doomsday","direct-wordnet-synonym-review","setup-classifier","Courier / Delivery Service","last day","desk-api/src/routes/functions/analyzeBusinessSetup.ts"
"eschaton","direct-wordnet-synonym-review","setup-classifier","Courier / Delivery Service","last day","desk-api/src/routes/functions/analyzeBusinessSetup.ts"
"join","direct-wordnet-synonym-review","setup-classifier","Credit Union","union","desk-api/src/routes/functions/analyzeBusinessSetup.ts"
"unionist","direct-wordnet-synonym-review","setup-classifier","Credit Union","union","desk-api/src/routes/functions/analyzeBusinessSetup.ts"
"caries","direct-wordnet-synonym-review","setup-classifier","Dental Practice","dental tooth","desk-api/src/routes/functions/analyzeBusinessSetup.ts"
"cavity","direct-wordnet-synonym-review","setup-classifier","Dental Practice","dental tooth","desk-api/src/routes/functions/analyzeBusinessSetup.ts"
"net","direct-wordnet-synonym-review","setup-classifier","E-commerce / Online Store","web internet","desk-api/src/routes/functions/analyzeBusinessSetup.ts"
"bypass","direct-wordnet-synonym-review","setup-classifier","Electrical Contractor","electrical circuit","desk-api/src/routes/functions/analyzeBusinessSetup.ts"
"electrotherapy","direct-wordnet-synonym-review","setup-classifier","Electrical Contractor","electrical electric","desk-api/src/routes/functions/analyzeBusinessSetup.ts"
"galvanism","direct-wordnet-synonym-review","setup-classifier","Electrical Contractor","electrical electric","desk-api/src/routes/functions/analyzeBusinessSetup.ts"
"impedance","direct-wordnet-synonym-review","setup-classifier","Electrical Contractor","electrical electric","desk-api/src/routes/functions/analyzeBusinessSetup.ts"
"resistance","direct-wordnet-synonym-review","setup-classifier","Electrical Contractor","electrical electric","desk-api/src/routes/functions/analyzeBusinessSetup.ts"
"resistivity","direct-wordnet-synonym-review","setup-classifier","Electrical Contractor","electrical electric","desk-api/src/routes/functions/analyzeBusinessSetup.ts"
"shock","direct-wordnet-synonym-review","setup-classifier","Electrical Contractor","electrical electric","desk-api/src/routes/functions/analyzeBusinessSetup.ts"
"thunderstorm","direct-wordnet-synonym-review","setup-classifier","Electrical Contractor","electrical electric","desk-api/src/routes/functions/analyzeBusinessSetup.ts"
"wattage","direct-wordnet-synonym-review","setup-classifier","Electrical Contractor","electrical electric","desk-api/src/routes/functions/analyzeBusinessSetup.ts"
"bring","direct-wordnet-synonym-review","setup-classifier","Excavation Contractor","land","desk-api/src/routes/functions/analyzeBusinessSetup.ts"
"dig","direct-wordnet-synonym-review","setup-classifier","Excavation Contractor","excavation site","desk-api/src/routes/functions/analyzeBusinessSetup.ts"
"plot","direct-wordnet-synonym-review","setup-classifier","Excavation Contractor","land","desk-api/src/routes/functions/analyzeBusinessSetup.ts"
"soil","direct-wordnet-synonym-review","setup-classifier","Excavation Contractor","dirt land","desk-api/src/routes/functions/analyzeBusinessSetup.ts"
"dairying","direct-wordnet-synonym-review","setup-classifier","Farm / Agricultural Operation","farming dairy","desk-api/src/routes/functions/analyzeBusinessSetup.ts"
"husbandry","direct-wordnet-synonym-review","setup-classifier","Farm / Agricultural Operation","farming agriculture","desk-api/src/routes/functions/analyzeBusinessSetup.ts"
"fund","direct-wordnet-synonym-review","setup-classifier","Financial Advisor","investment","desk-api/src/routes/functions/analyzeBusinessSetup.ts"
"underwriter","direct-wordnet-synonym-review","setup-classifier","Financial Advisor","investment","desk-api/src/routes/functions/analyzeBusinessSetup.ts"
"airgun","direct-wordnet-synonym-review","setup-classifier","Firearms Dealer","gun rifle","desk-api/src/routes/functions/analyzeBusinessSetup.ts"
"stove","direct-wordnet-synonym-review","setup-classifier","Food Manufacturing","kitchen","desk-api/src/routes/functions/analyzeBusinessSetup.ts"
"stove","direct-wordnet-synonym-review","setup-classifier","Food Truck","kitchen","desk-api/src/routes/functions/analyzeBusinessSetup.ts"
"graveyard","direct-wordnet-synonym-review","setup-classifier","Funeral Home","burial memorial cemetery","desk-api/src/routes/functions/analyzeBusinessSetup.ts"
"mortician","direct-wordnet-synonym-review","setup-classifier","Funeral Home","funeral director","desk-api/src/routes/functions/analyzeBusinessSetup.ts"
"necropolis","direct-wordnet-synonym-review","setup-classifier","Funeral Home","burial memorial cemetery","desk-api/src/routes/functions/analyzeBusinessSetup.ts"
"undertaker","direct-wordnet-synonym-review","setup-classifier","Funeral Home","funeral director","desk-api/src/routes/functions/analyzeBusinessSetup.ts"
"advance","direct-wordnet-synonym-review","setup-classifier","General Contractor","improvement","desk-api/src/routes/functions/analyzeBusinessSetup.ts"
"anatomy","direct-wordnet-synonym-review","setup-classifier","General Contractor","build","desk-api/src/routes/functions/analyzeBusinessSetup.ts"
"construct","direct-wordnet-synonym-review","setup-classifier","General Contractor","build","desk-api/src/routes/functions/analyzeBusinessSetup.ts"
"overhaul","direct-wordnet-synonym-review","setup-classifier","General Contractor","renovation","desk-api/src/routes/functions/analyzeBusinessSetup.ts"
"patronage","direct-wordnet-synonym-review","setup-classifier","General Contractor","trade","desk-api/src/routes/functions/analyzeBusinessSetup.ts"
"privy","direct-wordnet-synonym-review","setup-classifier","General Contractor","bathroom","desk-api/src/routes/functions/analyzeBusinessSetup.ts"
"recast","direct-wordnet-synonym-review","setup-classifier","General Contractor","remodel","desk-api/src/routes/functions/analyzeBusinessSetup.ts"
"redevelopment","direct-wordnet-synonym-review","setup-classifier","General Contractor","renovation","desk-api/src/routes/functions/analyzeBusinessSetup.ts"
"reforge","direct-wordnet-synonym-review","setup-classifier","General Contractor","remodel","desk-api/src/routes/functions/analyzeBusinessSetup.ts"
"cultural","direct-wordnet-synonym-review","setup-classifier","Grocery Store","ethnic","desk-api/src/routes/functions/analyzeBusinessSetup.ts"
"ethnical","direct-wordnet-synonym-review","setup-classifier","Grocery Store","ethnic","desk-api/src/routes/functions/analyzeBusinessSetup.ts"
"foodstuff","direct-wordnet-synonym-review","setup-classifier","Grocery Store","grocery","desk-api/src/routes/functions/analyzeBusinessSetup.ts"
"example","direct-wordnet-synonym-review","setup-classifier","Gym / Fitness Center","exercise","desk-api/src/routes/functions/analyzeBusinessSetup.ts"
"exercising","direct-wordnet-synonym-review","setup-classifier","Gym / Fitness Center","workout exercise","desk-api/src/routes/functions/analyzeBusinessSetup.ts"
"mat","direct-wordnet-synonym-review","setup-classifier","Gym / Fitness Center","gym","desk-api/src/routes/functions/analyzeBusinessSetup.ts"
"order","direct-wordnet-synonym-review","setup-classifier","Gym / Fitness Center","club","desk-api/src/routes/functions/analyzeBusinessSetup.ts"
"pack","direct-wordnet-synonym-review","setup-classifier","Gym / Fitness Center","camp","desk-api/src/routes/functions/analyzeBusinessSetup.ts"
"society","direct-wordnet-synonym-review","setup-classifier","Gym / Fitness Center","club","desk-api/src/routes/functions/analyzeBusinessSetup.ts"
"jeweler","direct-wordnet-synonym-review","setup-classifier","Handmade / Craft Business","maker jewelry","desk-api/src/routes/functions/analyzeBusinessSetup.ts"
"jeweller","direct-wordnet-synonym-review","setup-classifier","Handmade / Craft Business","maker jewelry","desk-api/src/routes/functions/analyzeBusinessSetup.ts"
"amphibian","direct-wordnet-synonym-review","setup-classifier","Heavy Manufacturing","aircraft","desk-api/src/routes/functions/analyzeBusinessSetup.ts"
"cutter","direct-wordnet-synonym-review","setup-classifier","Heavy Manufacturing","boat ship","desk-api/src/routes/functions/analyzeBusinessSetup.ts"
"locomotive","direct-wordnet-synonym-review","setup-classifier","Heavy Manufacturing","engine","desk-api/src/routes/functions/analyzeBusinessSetup.ts"
"manufactory","direct-wordnet-synonym-review","setup-classifier","Heavy Manufacturing","manufacturing plant","desk-api/src/routes/functions/analyzeBusinessSetup.ts"
"manufacture","direct-wordnet-synonym-review","setup-classifier","Heavy Manufacturing","manufacturing fabrication","desk-api/src/routes/functions/analyzeBusinessSetup.ts"
"pinnace","direct-wordnet-synonym-review","setup-classifier","Heavy Manufacturing","boat ship","desk-api/src/routes/functions/analyzeBusinessSetup.ts"
"rocket","direct-wordnet-synonym-review","setup-classifier","Heavy Manufacturing","engine","desk-api/src/routes/functions/analyzeBusinessSetup.ts"
"shipbuilder","direct-wordnet-synonym-review","setup-classifier","Heavy Manufacturing","builder ship","desk-api/src/routes/functions/analyzeBusinessSetup.ts"
"shipwright","direct-wordnet-synonym-review","setup-classifier","Heavy Manufacturing","builder ship","desk-api/src/routes/functions/analyzeBusinessSetup.ts"
"steelworks","direct-wordnet-synonym-review","setup-classifier","Heavy Manufacturing","steel plant","desk-api/src/routes/functions/analyzeBusinessSetup.ts"
"tender","direct-wordnet-synonym-review","setup-classifier","Heavy Manufacturing","boat ship","desk-api/src/routes/functions/analyzeBusinessSetup.ts"
"works","direct-wordnet-synonym-review","setup-classifier","Heavy Manufacturing","industrial plant","desk-api/src/routes/functions/analyzeBusinessSetup.ts"
"part","direct-wordnet-synonym-review","setup-classifier","Home Daycare","share","desk-api/src/routes/functions/analyzeBusinessSetup.ts"
"older","direct-wordnet-synonym-review","setup-classifier","Home Health Agency","elder senior","desk-api/src/routes/functions/analyzeBusinessSetup.ts"
"eas","direct-wordnet-synonym-review","setup-classifier","Hospital","emergency","desk-api/src/routes/functions/analyzeBusinessSetup.ts"
"infirmary","direct-wordnet-synonym-review","setup-classifier","Hospital","hospital","desk-api/src/routes/functions/analyzeBusinessSetup.ts"
"court","direct-wordnet-synonym-review","setup-classifier","Hotel / Motel / Inn","hotel inn","desk-api/src/routes/functions/analyzeBusinessSetup.ts"
"backup","direct-wordnet-synonym-review","setup-classifier","IT / Managed Services","computer","desk-api/src/routes/functions/analyzeBusinessSetup.ts"
"substructure","direct-wordnet-synonym-review","setup-classifier","IT / Managed Services","infrastructure","desk-api/src/routes/functions/analyzeBusinessSetup.ts"
"barrow","direct-wordnet-synonym-review","setup-classifier","Landscaping","lawn garden","desk-api/src/routes/functions/analyzeBusinessSetup.ts"
"wheelbarrow","direct-wordnet-synonym-review","setup-classifier","Landscaping","lawn garden","desk-api/src/routes/functions/analyzeBusinessSetup.ts"
"washables","direct-wordnet-synonym-review","setup-classifier","Laundromat / Dry Cleaning","laundry wash","desk-api/src/routes/functions/analyzeBusinessSetup.ts"
"acres","direct-wordnet-synonym-review","setup-classifier","Law Firm","estate","desk-api/src/routes/functions/analyzeBusinessSetup.ts"
"assess","direct-wordnet-synonym-review","setup-classifier","Law Firm","tax","desk-api/src/routes/functions/analyzeBusinessSetup.ts"
"assessor","direct-wordnet-synonym-review","setup-classifier","Law Firm","tax","desk-api/src/routes/functions/analyzeBusinessSetup.ts"
"chattel","direct-wordnet-synonym-review","setup-classifier","Law Firm","personal","desk-api/src/routes/functions/analyzeBusinessSetup.ts"
"court","direct-wordnet-synonym-review","setup-classifier","Law Firm","law","desk-api/src/routes/functions/analyzeBusinessSetup.ts"
"crime","direct-wordnet-synonym-review","setup-classifier","Law Firm","law criminal","desk-api/src/routes/functions/analyzeBusinessSetup.ts"
"damage","direct-wordnet-synonym-review","setup-classifier","Law Firm","injury","desk-api/src/routes/functions/analyzeBusinessSetup.ts"
"divorcement","direct-wordnet-synonym-review","setup-classifier","Law Firm","divorce","desk-api/src/routes/functions/analyzeBusinessSetup.ts"
"effects","direct-wordnet-synonym-review","setup-classifier","Law Firm","personal","desk-api/src/routes/functions/analyzeBusinessSetup.ts"
"immovable","direct-wordnet-synonym-review","setup-classifier","Law Firm","estate","desk-api/src/routes/functions/analyzeBusinessSetup.ts"
"incorporated","direct-wordnet-synonym-review","setup-classifier","Law Firm","corporate","desk-api/src/routes/functions/analyzeBusinessSetup.ts"
"jurisprudence","direct-wordnet-synonym-review","setup-classifier","Law Firm","law","desk-api/src/routes/functions/analyzeBusinessSetup.ts"
"personalty","direct-wordnet-synonym-review","setup-classifier","Law Firm","estate personal","desk-api/src/routes/functions/analyzeBusinessSetup.ts"
"prosecution","direct-wordnet-synonym-review","setup-classifier","Law Firm","criminal","desk-api/src/routes/functions/analyzeBusinessSetup.ts"
"proximity","direct-wordnet-synonym-review","setup-classifier","Law Firm","law","desk-api/src/routes/functions/analyzeBusinessSetup.ts"
"taxation","direct-wordnet-synonym-review","setup-classifier","Law Firm","tax","desk-api/src/routes/functions/analyzeBusinessSetup.ts"
"clutch","direct-wordnet-synonym-review","setup-classifier","Light Manufacturing","batch","desk-api/src/routes/functions/analyzeBusinessSetup.ts"
"cotton","direct-wordnet-synonym-review","setup-classifier","Light Manufacturing","plant","desk-api/src/routes/functions/analyzeBusinessSetup.ts"
"dahl","direct-wordnet-synonym-review","setup-classifier","Light Manufacturing","plant","desk-api/src/routes/functions/analyzeBusinessSetup.ts"
"deal","direct-wordnet-synonym-review","setup-classifier","Light Manufacturing","batch","desk-api/src/routes/functions/analyzeBusinessSetup.ts"
"gathering","direct-wordnet-synonym-review","setup-classifier","Light Manufacturing","assembly","desk-api/src/routes/functions/analyzeBusinessSetup.ts"
"lightly","direct-wordnet-synonym-review","setup-classifier","Light Manufacturing","light","desk-api/src/routes/functions/analyzeBusinessSetup.ts"
"lightness","direct-wordnet-synonym-review","setup-classifier","Light Manufacturing","light","desk-api/src/routes/functions/analyzeBusinessSetup.ts"
"loose","direct-wordnet-synonym-review","setup-classifier","Light Manufacturing","light","desk-api/src/routes/functions/analyzeBusinessSetup.ts"
"louse","direct-wordnet-synonym-review","setup-classifier","Light Manufacturing","plant","desk-api/src/routes/functions/analyzeBusinessSetup.ts"
"manufactory","direct-wordnet-synonym-review","setup-classifier","Light Manufacturing","manufacturing factory plant","desk-api/src/routes/functions/analyzeBusinessSetup.ts"
"mill","direct-wordnet-synonym-review","setup-classifier","Light Manufacturing","manufacturing factory plant","desk-api/src/routes/functions/analyzeBusinessSetup.ts"
"oncidium","direct-wordnet-synonym-review","setup-classifier","Light Manufacturing","plant","desk-api/src/routes/functions/analyzeBusinessSetup.ts"
"pea","direct-wordnet-synonym-review","setup-classifier","Light Manufacturing","plant","desk-api/src/routes/functions/analyzeBusinessSetup.ts"
"pilot","direct-wordnet-synonym-review","setup-classifier","Light Manufacturing","light","desk-api/src/routes/functions/analyzeBusinessSetup.ts"
"poinsettia","direct-wordnet-synonym-review","setup-classifier","Light Manufacturing","plant","desk-api/src/routes/functions/analyzeBusinessSetup.ts"
"psylla","direct-wordnet-synonym-review","setup-classifier","Light Manufacturing","plant","desk-api/src/routes/functions/analyzeBusinessSetup.ts"
"psyllid","direct-wordnet-synonym-review","setup-classifier","Light Manufacturing","plant","desk-api/src/routes/functions/analyzeBusinessSetup.ts"
"spark","direct-wordnet-synonym-review","setup-classifier","Light Manufacturing","light","desk-api/src/routes/functions/analyzeBusinessSetup.ts"
"sparkle","direct-wordnet-synonym-review","setup-classifier","Light Manufacturing","light","desk-api/src/routes/functions/analyzeBusinessSetup.ts"
"steelworks","direct-wordnet-synonym-review","setup-classifier","Light Manufacturing","factory plant","desk-api/src/routes/functions/analyzeBusinessSetup.ts"
"wad","direct-wordnet-synonym-review","setup-classifier","Light Manufacturing","batch","desk-api/src/routes/functions/analyzeBusinessSetup.ts"
"representation","direct-wordnet-synonym-review","setup-classifier","Marketing Agency","agency performance","desk-api/src/routes/functions/analyzeBusinessSetup.ts"
"doc","direct-wordnet-synonym-review","setup-classifier","Medical Practice","doctor physician","desk-api/src/routes/functions/analyzeBusinessSetup.ts"
"intimate","direct-wordnet-synonym-review","setup-classifier","Medical Practice","internal","desk-api/src/routes/functions/analyzeBusinessSetup.ts"
"intrude","direct-wordnet-synonym-review","setup-classifier","Medical Practice","nose","desk-api/src/routes/functions/analyzeBusinessSetup.ts"
"labyrinth","direct-wordnet-synonym-review","setup-classifier","Medical Practice","internal ear","desk-api/src/routes/functions/analyzeBusinessSetup.ts"
"medico","direct-wordnet-synonym-review","setup-classifier","Medical Practice","doctor physician","desk-api/src/routes/functions/analyzeBusinessSetup.ts"
"national","direct-wordnet-synonym-review","setup-classifier","Medical Practice","internal","desk-api/src/routes/functions/analyzeBusinessSetup.ts"
"paediatrics","direct-wordnet-synonym-review","setup-classifier","Medical Practice","medicine pediatric","desk-api/src/routes/functions/analyzeBusinessSetup.ts"
"pediatrics","direct-wordnet-synonym-review","setup-classifier","Medical Practice","medicine pediatric","desk-api/src/routes/functions/analyzeBusinessSetup.ts"
"pedology","direct-wordnet-synonym-review","setup-classifier","Medical Practice","medicine pediatric","desk-api/src/routes/functions/analyzeBusinessSetup.ts"
"pry","direct-wordnet-synonym-review","setup-classifier","Medical Practice","nose","desk-api/src/routes/functions/analyzeBusinessSetup.ts"
"alcoholism","direct-wordnet-synonym-review","setup-classifier","Mental Health Practice","addiction","desk-api/src/routes/functions/analyzeBusinessSetup.ts"
"apply","direct-wordnet-synonym-review","setup-classifier","Mental Health Practice","practice","desk-api/src/routes/functions/analyzeBusinessSetup.ts"
"attitude","direct-wordnet-synonym-review","setup-classifier","Mental Health Practice","mental","desk-api/src/routes/functions/analyzeBusinessSetup.ts"
"core","direct-wordnet-synonym-review","setup-classifier","Mental Health Practice","substance","desk-api/src/routes/functions/analyzeBusinessSetup.ts"
"drunkenness","direct-wordnet-synonym-review","setup-classifier","Mental Health Practice","addiction","desk-api/src/routes/functions/analyzeBusinessSetup.ts"
"essence","direct-wordnet-synonym-review","setup-classifier","Mental Health Practice","substance","desk-api/src/routes/functions/analyzeBusinessSetup.ts"
"function","direct-wordnet-synonym-review","setup-classifier","Mental Health Practice","social","desk-api/src/routes/functions/analyzeBusinessSetup.ts"
"gist","direct-wordnet-synonym-review","setup-classifier","Mental Health Practice","substance","desk-api/src/routes/functions/analyzeBusinessSetup.ts"
"habit","direct-wordnet-synonym-review","setup-classifier","Mental Health Practice","substance abuse","desk-api/src/routes/functions/analyzeBusinessSetup.ts"
"impression","direct-wordnet-synonym-review","setup-classifier","Mental Health Practice","mental depression","desk-api/src/routes/functions/analyzeBusinessSetup.ts"
"inebriation","direct-wordnet-synonym-review","setup-classifier","Mental Health Practice","addiction","desk-api/src/routes/functions/analyzeBusinessSetup.ts"
"love","direct-wordnet-synonym-review","setup-classifier","Mental Health Practice","life","desk-api/src/routes/functions/analyzeBusinessSetup.ts"
"maltreatment","direct-wordnet-synonym-review","setup-classifier","Mental Health Practice","treatment abuse","desk-api/src/routes/functions/analyzeBusinessSetup.ts"
"misuse","direct-wordnet-synonym-review","setup-classifier","Mental Health Practice","abuse","desk-api/src/routes/functions/analyzeBusinessSetup.ts"
"pattern","direct-wordnet-synonym-review","setup-classifier","Mental Health Practice","practice","desk-api/src/routes/functions/analyzeBusinessSetup.ts"
"reproduction","direct-wordnet-synonym-review","setup-classifier","Mental Health Practice","life","desk-api/src/routes/functions/analyzeBusinessSetup.ts"
"unbalance","direct-wordnet-synonym-review","setup-classifier","Mental Health Practice","mental","desk-api/src/routes/functions/analyzeBusinessSetup.ts"
"mortgagee","direct-wordnet-synonym-review","setup-classifier","Mortgage Broker","mortgage","desk-api/src/routes/functions/analyzeBusinessSetup.ts"
"spam","direct-wordnet-synonym-review","setup-classifier","Moving Company","junk","desk-api/src/routes/functions/analyzeBusinessSetup.ts"
"booker","direct-wordnet-synonym-review","setup-classifier","Music / Entertainment","booking agent","desk-api/src/routes/functions/analyzeBusinessSetup.ts"
"movement","direct-wordnet-synonym-review","setup-classifier","Nonprofit Organization","social cause","desk-api/src/routes/functions/analyzeBusinessSetup.ts"
"stimulate","direct-wordnet-synonym-review","setup-classifier","Nonprofit Organization","cause","desk-api/src/routes/functions/analyzeBusinessSetup.ts"
"structure","direct-wordnet-synonym-review","setup-classifier","Nonprofit Organization","organization social","desk-api/src/routes/functions/analyzeBusinessSetup.ts"
"honesty","direct-wordnet-synonym-review","setup-classifier","Nursery / Greenhouse","plant flower","desk-api/src/routes/functions/analyzeBusinessSetup.ts"
"poinsettia","direct-wordnet-synonym-review","setup-classifier","Nursery / Greenhouse","plant flower","desk-api/src/routes/functions/analyzeBusinessSetup.ts"
"satinpod","direct-wordnet-synonym-review","setup-classifier","Nursery / Greenhouse","plant flower","desk-api/src/routes/functions/analyzeBusinessSetup.ts"
"ophthalmologist","direct-wordnet-synonym-review","setup-classifier","Optometry Practice","eye doctor","desk-api/src/routes/functions/analyzeBusinessSetup.ts"
"decorator","direct-wordnet-synonym-review","setup-classifier","Painting Contractor","house interior","desk-api/src/routes/functions/analyzeBusinessSetup.ts"
"mural","direct-wordnet-synonym-review","setup-classifier","Painting Contractor","painting wall","desk-api/src/routes/functions/analyzeBusinessSetup.ts"
"opera","direct-wordnet-synonym-review","setup-classifier","Painting Contractor","house","desk-api/src/routes/functions/analyzeBusinessSetup.ts"
"croak","direct-wordnet-synonym-review","setup-classifier","Pawn Shop","buy cash","desk-api/src/routes/functions/analyzeBusinessSetup.ts"
"decease","direct-wordnet-synonym-review","setup-classifier","Pawn Shop","buy cash","desk-api/src/routes/functions/analyzeBusinessSetup.ts"
"expire","direct-wordnet-synonym-review","setup-classifier","Pawn Shop","buy cash","desk-api/src/routes/functions/analyzeBusinessSetup.ts"
"perish","direct-wordnet-synonym-review","setup-classifier","Pawn Shop","buy cash","desk-api/src/routes/functions/analyzeBusinessSetup.ts"
"bedbug","direct-wordnet-synonym-review","setup-classifier","Pest Control","bug bed","desk-api/src/routes/functions/analyzeBusinessSetup.ts"
"chinch","direct-wordnet-synonym-review","setup-classifier","Pest Control","bug bed","desk-api/src/routes/functions/analyzeBusinessSetup.ts"
"hemipteran","direct-wordnet-synonym-review","setup-classifier","Pest Control","bug insect","desk-api/src/routes/functions/analyzeBusinessSetup.ts"
"hemipteron","direct-wordnet-synonym-review","setup-classifier","Pest Control","bug insect","desk-api/src/routes/functions/analyzeBusinessSetup.ts"
"doghouse","direct-wordnet-synonym-review","setup-classifier","Pet Services","dog kennel","desk-api/src/routes/functions/analyzeBusinessSetup.ts"
"maltese","direct-wordnet-synonym-review","setup-classifier","Pet Services","dog cat","desk-api/src/routes/functions/analyzeBusinessSetup.ts"
"antiarrhythmic","direct-wordnet-synonym-review","setup-classifier","Pharmacy","drug medication","desk-api/src/routes/functions/analyzeBusinessSetup.ts"
"iontophoresis","direct-wordnet-synonym-review","setup-classifier","Pharmacy","drug medication","desk-api/src/routes/functions/analyzeBusinessSetup.ts"
"medicament","direct-wordnet-synonym-review","setup-classifier","Pharmacy","drug medication","desk-api/src/routes/functions/analyzeBusinessSetup.ts"
"statin","direct-wordnet-synonym-review","setup-classifier","Pharmacy","drug medication","desk-api/src/routes/functions/analyzeBusinessSetup.ts"
"cinematography","direct-wordnet-synonym-review","setup-classifier","Photography / Videography","photography filming","desk-api/src/routes/functions/analyzeBusinessSetup.ts"
"physiatrics","direct-wordnet-synonym-review","setup-classifier","Physical Therapy Clinic","physical therapy physiotherapy","desk-api/src/routes/functions/analyzeBusinessSetup.ts"
"chicha","direct-wordnet-synonym-review","setup-classifier","Plumbing Contractor","pipe water","desk-api/src/routes/functions/analyzeBusinessSetup.ts"
"drainpipe","direct-wordnet-synonym-review","setup-classifier","Plumbing Contractor","pipe drain","desk-api/src/routes/functions/analyzeBusinessSetup.ts"
"effluent","direct-wordnet-synonym-review","setup-classifier","Plumbing Contractor","sewer water","desk-api/src/routes/functions/analyzeBusinessSetup.ts"
"kalian","direct-wordnet-synonym-review","setup-classifier","Plumbing Contractor","pipe water","desk-api/src/routes/functions/analyzeBusinessSetup.ts"
"micturate","direct-wordnet-synonym-review","setup-classifier","Plumbing Contractor","water leak","desk-api/src/routes/functions/analyzeBusinessSetup.ts"
"narghile","direct-wordnet-synonym-review","setup-classifier","Plumbing Contractor","pipe water","desk-api/src/routes/functions/analyzeBusinessSetup.ts"
"nargileh","direct-wordnet-synonym-review","setup-classifier","Plumbing Contractor","pipe water","desk-api/src/routes/functions/analyzeBusinessSetup.ts"
"pee","direct-wordnet-synonym-review","setup-classifier","Plumbing Contractor","water leak","desk-api/src/routes/functions/analyzeBusinessSetup.ts"
"piddle","direct-wordnet-synonym-review","setup-classifier","Plumbing Contractor","water leak","desk-api/src/routes/functions/analyzeBusinessSetup.ts"
"sheesha","direct-wordnet-synonym-review","setup-classifier","Plumbing Contractor","pipe water","desk-api/src/routes/functions/analyzeBusinessSetup.ts"
"shisha","direct-wordnet-synonym-review","setup-classifier","Plumbing Contractor","pipe water","desk-api/src/routes/functions/analyzeBusinessSetup.ts"
"urinate","direct-wordnet-synonym-review","setup-classifier","Plumbing Contractor","water leak","desk-api/src/routes/functions/analyzeBusinessSetup.ts"
"wastewater","direct-wordnet-synonym-review","setup-classifier","Plumbing Contractor","sewer water","desk-api/src/routes/functions/analyzeBusinessSetup.ts"
"waterline","direct-wordnet-synonym-review","setup-classifier","Plumbing Contractor","water line","desk-api/src/routes/functions/analyzeBusinessSetup.ts"
"watermark","direct-wordnet-synonym-review","setup-classifier","Plumbing Contractor","water line","desk-api/src/routes/functions/analyzeBusinessSetup.ts"
"wee","direct-wordnet-synonym-review","setup-classifier","Plumbing Contractor","water leak","desk-api/src/routes/functions/analyzeBusinessSetup.ts"
"wetting","direct-wordnet-synonym-review","setup-classifier","Plumbing Contractor","water leak","desk-api/src/routes/functions/analyzeBusinessSetup.ts"
"express","direct-wordnet-synonym-review","setup-classifier","PR / Public Relations","press","desk-api/src/routes/functions/analyzeBusinessSetup.ts"
"handout","direct-wordnet-synonym-review","setup-classifier","PR / Public Relations","press release","desk-api/src/routes/functions/analyzeBusinessSetup.ts"
"publish","direct-wordnet-synonym-review","setup-classifier","PR / Public Relations","release","desk-api/src/routes/functions/analyzeBusinessSetup.ts"
"report","direct-wordnet-synonym-review","setup-classifier","PR / Public Relations","reputation","desk-api/src/routes/functions/analyzeBusinessSetup.ts"
"squeeze","direct-wordnet-synonym-review","setup-classifier","PR / Public Relations","press crisis","desk-api/src/routes/functions/analyzeBusinessSetup.ts"
"boardinghouse","direct-wordnet-synonym-review","setup-classifier","Private School","boarding","desk-api/src/routes/functions/analyzeBusinessSetup.ts"
"letting","direct-wordnet-synonym-review","setup-classifier","Property Management","rental","desk-api/src/routes/functions/analyzeBusinessSetup.ts"
"acres","direct-wordnet-synonym-review","setup-classifier","Real Estate Brokerage / Agent","estate","desk-api/src/routes/functions/analyzeBusinessSetup.ts"
"demesne","direct-wordnet-synonym-review","setup-classifier","Real Estate Brokerage / Agent","estate","desk-api/src/routes/functions/analyzeBusinessSetup.ts"
"factor","direct-wordnet-synonym-review","setup-classifier","Real Estate Brokerage / Agent","agent broker","desk-api/src/routes/functions/analyzeBusinessSetup.ts"
"immovable","direct-wordnet-synonym-review","setup-classifier","Real Estate Brokerage / Agent","real estate realty","desk-api/src/routes/functions/analyzeBusinessSetup.ts"
"list","direct-wordnet-synonym-review","setup-classifier","Real Estate Brokerage / Agent","listing","desk-api/src/routes/functions/analyzeBusinessSetup.ts"
"underwriter","direct-wordnet-synonym-review","setup-classifier","Real Estate Brokerage / Agent","agent broker","desk-api/src/routes/functions/analyzeBusinessSetup.ts"
"usance","direct-wordnet-synonym-review","setup-classifier","Real Estate Developer","use","desk-api/src/routes/functions/analyzeBusinessSetup.ts"
"bean","direct-wordnet-synonym-review","setup-classifier","Restaurant","noodle","desk-api/src/routes/functions/analyzeBusinessSetup.ts"
"bomber","direct-wordnet-synonym-review","setup-classifier","Restaurant","sandwich italian","desk-api/src/routes/functions/analyzeBusinessSetup.ts"
"cholera","direct-wordnet-synonym-review","setup-classifier","Restaurant","indian","desk-api/src/routes/functions/analyzeBusinessSetup.ts"
"corn","direct-wordnet-synonym-review","setup-classifier","Restaurant","indian","desk-api/src/routes/functions/analyzeBusinessSetup.ts"
"fasting","direct-wordnet-synonym-review","setup-classifier","Restaurant","fast","desk-api/src/routes/functions/analyzeBusinessSetup.ts"
"grinder","direct-wordnet-synonym-review","setup-classifier","Restaurant","sandwich italian","desk-api/src/routes/functions/analyzeBusinessSetup.ts"
"groundnut","direct-wordnet-synonym-review","setup-classifier","Restaurant","indian","desk-api/src/routes/functions/analyzeBusinessSetup.ts"
"hero","direct-wordnet-synonym-review","setup-classifier","Restaurant","sandwich italian","desk-api/src/routes/functions/analyzeBusinessSetup.ts"
"hoagie","direct-wordnet-synonym-review","setup-classifier","Restaurant","sandwich italian","desk-api/src/routes/functions/analyzeBusinessSetup.ts"
"hoagy","direct-wordnet-synonym-review","setup-classifier","Restaurant","sandwich italian","desk-api/src/routes/functions/analyzeBusinessSetup.ts"
"roach","direct-wordnet-synonym-review","setup-classifier","Restaurant","mexican","desk-api/src/routes/functions/analyzeBusinessSetup.ts"
"sub","direct-wordnet-synonym-review","setup-classifier","Restaurant","sandwich italian","desk-api/src/routes/functions/analyzeBusinessSetup.ts"
"submarine","direct-wordnet-synonym-review","setup-classifier","Restaurant","sandwich italian","desk-api/src/routes/functions/analyzeBusinessSetup.ts"
"torpedo","direct-wordnet-synonym-review","setup-classifier","Restaurant","sandwich italian","desk-api/src/routes/functions/analyzeBusinessSetup.ts"
"wedge","direct-wordnet-synonym-review","setup-classifier","Restaurant","sandwich italian","desk-api/src/routes/functions/analyzeBusinessSetup.ts"
"zep","direct-wordnet-synonym-review","setup-classifier","Restaurant","sandwich italian","desk-api/src/routes/functions/analyzeBusinessSetup.ts"
"succeed","direct-wordnet-synonym-review","setup-classifier","Retail Store","goods","desk-api/src/routes/functions/analyzeBusinessSetup.ts"
"watcher","direct-wordnet-synonym-review","setup-classifier","Security Guard Company","security guard","desk-api/src/routes/functions/analyzeBusinessSetup.ts"
"watchman","direct-wordnet-synonym-review","setup-classifier","Security Guard Company","security guard","desk-api/src/routes/functions/analyzeBusinessSetup.ts"
"coder","direct-wordnet-synonym-review","setup-classifier","Software Development","software engineer","desk-api/src/routes/functions/analyzeBusinessSetup.ts"
"programmer","direct-wordnet-synonym-review","setup-classifier","Software Development","software engineer","desk-api/src/routes/functions/analyzeBusinessSetup.ts"
"accumulator","direct-wordnet-synonym-review","setup-classifier","Solar Energy Installer","battery storage","desk-api/src/routes/functions/analyzeBusinessSetup.ts"
"grid","direct-wordnet-synonym-review","setup-classifier","Solar Energy Installer","battery storage","desk-api/src/routes/functions/analyzeBusinessSetup.ts"
"complexion","direct-wordnet-synonym-review","setup-classifier","Spa / Salon","skin color","desk-api/src/routes/functions/analyzeBusinessSetup.ts"
"cab","direct-wordnet-synonym-review","setup-classifier","Taxi / Rideshare / Limo","taxi","desk-api/src/routes/functions/analyzeBusinessSetup.ts"
"conveyance","direct-wordnet-synonym-review","setup-classifier","Taxi / Rideshare / Limo","transportation transport","desk-api/src/routes/functions/analyzeBusinessSetup.ts"
"delight","direct-wordnet-synonym-review","setup-classifier","Taxi / Rideshare / Limo","transport","desk-api/src/routes/functions/analyzeBusinessSetup.ts"
"inanimate","direct-wordnet-synonym-review","setup-classifier","Taxi / Rideshare / Limo","non","desk-api/src/routes/functions/analyzeBusinessSetup.ts"
"send","direct-wordnet-synonym-review","setup-classifier","Taxi / Rideshare / Limo","transport","desk-api/src/routes/functions/analyzeBusinessSetup.ts"
"taxicab","direct-wordnet-synonym-review","setup-classifier","Taxi / Rideshare / Limo","taxi","desk-api/src/routes/functions/analyzeBusinessSetup.ts"
"transferral","direct-wordnet-synonym-review","setup-classifier","Taxi / Rideshare / Limo","transportation transport","desk-api/src/routes/functions/analyzeBusinessSetup.ts"
"conveyance","direct-wordnet-synonym-review","setup-classifier","Trucking / Freight / Transportation","transportation transport","desk-api/src/routes/functions/analyzeBusinessSetup.ts"
"lading","direct-wordnet-synonym-review","setup-classifier","Trucking / Freight / Transportation","freight cargo","desk-api/src/routes/functions/analyzeBusinessSetup.ts"
"loading","direct-wordnet-synonym-review","setup-classifier","Trucking / Freight / Transportation","freight cargo","desk-api/src/routes/functions/analyzeBusinessSetup.ts"
"payload","direct-wordnet-synonym-review","setup-classifier","Trucking / Freight / Transportation","freight cargo","desk-api/src/routes/functions/analyzeBusinessSetup.ts"
"rig","direct-wordnet-synonym-review","setup-classifier","Trucking / Freight / Transportation","trucking truck","desk-api/src/routes/functions/analyzeBusinessSetup.ts"
"semi","direct-wordnet-synonym-review","setup-classifier","Trucking / Freight / Transportation","trucking truck","desk-api/src/routes/functions/analyzeBusinessSetup.ts"
"shipment","direct-wordnet-synonym-review","setup-classifier","Trucking / Freight / Transportation","freight cargo","desk-api/src/routes/functions/analyzeBusinessSetup.ts"
"teamster","direct-wordnet-synonym-review","setup-classifier","Trucking / Freight / Transportation","truck driver","desk-api/src/routes/functions/analyzeBusinessSetup.ts"
"transferral","direct-wordnet-synonym-review","setup-classifier","Trucking / Freight / Transportation","transportation transport","desk-api/src/routes/functions/analyzeBusinessSetup.ts"
"trucker","direct-wordnet-synonym-review","setup-classifier","Trucking / Freight / Transportation","truck driver","desk-api/src/routes/functions/analyzeBusinessSetup.ts"
"discipline","direct-wordnet-synonym-review","setup-classifier","Tutoring Center","study","desk-api/src/routes/functions/analyzeBusinessSetup.ts"
"examination","direct-wordnet-synonym-review","setup-classifier","Tutoring Center","test","desk-api/src/routes/functions/analyzeBusinessSetup.ts"
"examine","direct-wordnet-synonym-review","setup-classifier","Tutoring Center","test study","desk-api/src/routes/functions/analyzeBusinessSetup.ts"
"indication","direct-wordnet-synonym-review","setup-classifier","Tutoring Center","reading","desk-api/src/routes/functions/analyzeBusinessSetup.ts"
"proof","direct-wordnet-synonym-review","setup-classifier","Tutoring Center","test","desk-api/src/routes/functions/analyzeBusinessSetup.ts"
"recital","direct-wordnet-synonym-review","setup-classifier","Tutoring Center","reading","desk-api/src/routes/functions/analyzeBusinessSetup.ts"
"report","direct-wordnet-synonym-review","setup-classifier","Tutoring Center","study","desk-api/src/routes/functions/analyzeBusinessSetup.ts"
"rosette","direct-wordnet-synonym-review","setup-classifier","Tutoring Center","stem","desk-api/src/routes/functions/analyzeBusinessSetup.ts"
"run","direct-wordnet-synonym-review","setup-classifier","Tutoring Center","test","desk-api/src/routes/functions/analyzeBusinessSetup.ts"
"stalk","direct-wordnet-synonym-review","setup-classifier","Tutoring Center","stem","desk-api/src/routes/functions/analyzeBusinessSetup.ts"
"trial","direct-wordnet-synonym-review","setup-classifier","Tutoring Center","test","desk-api/src/routes/functions/analyzeBusinessSetup.ts"
"bluster","direct-wordnet-synonym-review","setup-classifier","Utility / Pipeline Contractor","gas line","desk-api/src/routes/functions/analyzeBusinessSetup.ts"
"boast","direct-wordnet-synonym-review","setup-classifier","Utility / Pipeline Contractor","gas line","desk-api/src/routes/functions/analyzeBusinessSetup.ts"
"brag","direct-wordnet-synonym-review","setup-classifier","Utility / Pipeline Contractor","gas line","desk-api/src/routes/functions/analyzeBusinessSetup.ts"
"fibreoptic","direct-wordnet-synonym-review","setup-classifier","Utility / Pipeline Contractor","fiber optic","desk-api/src/routes/functions/analyzeBusinessSetup.ts"
"gasconade","direct-wordnet-synonym-review","setup-classifier","Utility / Pipeline Contractor","gas line","desk-api/src/routes/functions/analyzeBusinessSetup.ts"
"riser","direct-wordnet-synonym-review","setup-classifier","Utility / Pipeline Contractor","pipeline main","desk-api/src/routes/functions/analyzeBusinessSetup.ts"
"tout","direct-wordnet-synonym-review","setup-classifier","Utility / Pipeline Contractor","gas line","desk-api/src/routes/functions/analyzeBusinessSetup.ts"
"vaunt","direct-wordnet-synonym-review","setup-classifier","Utility / Pipeline Contractor","gas line","desk-api/src/routes/functions/analyzeBusinessSetup.ts"
"waterline","direct-wordnet-synonym-review","setup-classifier","Utility / Pipeline Contractor","line water","desk-api/src/routes/functions/analyzeBusinessSetup.ts"
"watermark","direct-wordnet-synonym-review","setup-classifier","Utility / Pipeline Contractor","line water","desk-api/src/routes/functions/analyzeBusinessSetup.ts"
"infirmary","direct-wordnet-synonym-review","setup-classifier","Veterinary Practice","hospital","desk-api/src/routes/functions/analyzeBusinessSetup.ts"
"adjunct","direct-wordnet-synonym-review","setup-classifier","Virtual Assistant Services","assistant","desk-api/src/routes/functions/analyzeBusinessSetup.ts"
"supporter","direct-wordnet-synonym-review","setup-classifier","Virtual Assistant Services","assistant","desk-api/src/routes/functions/analyzeBusinessSetup.ts"
"repositing","direct-wordnet-synonym-review","setup-classifier","Warehousing / Self-Storage","warehousing storage","desk-api/src/routes/functions/analyzeBusinessSetup.ts"
"reposition","direct-wordnet-synonym-review","setup-classifier","Warehousing / Self-Storage","warehousing storage","desk-api/src/routes/functions/analyzeBusinessSetup.ts"
"warehousing","direct-wordnet-synonym-review","setup-classifier","Warehousing / Self-Storage","warehousing storage","desk-api/src/routes/functions/analyzeBusinessSetup.ts"
"ashcan","direct-wordnet-synonym-review","setup-classifier","Waste Management","trash garbage","desk-api/src/routes/functions/analyzeBusinessSetup.ts"
"dump","direct-wordnet-synonym-review","setup-classifier","Waste Management","waste trash garbage","desk-api/src/routes/functions/analyzeBusinessSetup.ts"
"dumpsite","direct-wordnet-synonym-review","setup-classifier","Waste Management","waste trash garbage","desk-api/src/routes/functions/analyzeBusinessSetup.ts"
"dustbin","direct-wordnet-synonym-review","setup-classifier","Waste Management","trash garbage","desk-api/src/routes/functions/analyzeBusinessSetup.ts"
"refuse","direct-wordnet-synonym-review","setup-classifier","Waste Management","waste garbage","desk-api/src/routes/functions/analyzeBusinessSetup.ts"
"scrap","direct-wordnet-synonym-review","setup-classifier","Waste Management","trash junk","desk-api/src/routes/functions/analyzeBusinessSetup.ts"
"scrapheap","direct-wordnet-synonym-review","setup-classifier","Waste Management","trash garbage junk","desk-api/src/routes/functions/analyzeBusinessSetup.ts"
"scraps","direct-wordnet-synonym-review","setup-classifier","Waste Management","waste garbage","desk-api/src/routes/functions/analyzeBusinessSetup.ts"
